{"mean": {"confirms_in": 18.683603792548876, "b0": 14.70165793070444, "b1": 5.846395650599002, "b2": 37.71865460116983, "b3": 72.89676375190419, "b4": 92.44454414486536, "b5": 132.51689329445293, "b6": 149.475271355141, "b7": 238.65750066022812, "b8": 208.84223965922857, "b9": 353.39506590427544, "b10": 957.4972306255435, "b11": 2400.19639402415, "b12": 1036.8621418848177, "b13": 320.5938596302612, "b14": 49.088970634045054, "b15": 36.797689835574246, "delta_last": 674.0820455438874, "day_of_week": 2.8338333975642955, "hour": 12.81169383939613}, "std": {"confirms_in": 60.20144048549218, "b0": 80.03105817943697, "b1": 20.631374856806847, "b2": 124.81549965567048, "b3": 183.75909601053237, "b4": 217.37365007154395, "b5": 240.00125219546246, "b6": 245.33823675399032, "b7": 300.2011287475818, "b8": 286.2636514993684, "b9": 370.07837692269544, "b10": 956.2475906181982, "b11": 1276.8183406569606, "b12": 1037.3036873770172, "b13": 183.1180469964067, "b14": 28.46882633596899, "b15": 22.842980132829307, "delta_last": 640.9209554941324, "day_of_week": 2.0051914180534522, "hour": 6.304220939150663}, "fields": ["confirms_in", "b0", "b1", "b2", "b3", "b4", "b5", "b6", "b7", "b8", "b9", "b10", "b11", "b12", "b13", "b14", "b15", "delta_last", "day_of_week", "hour"]}